{
  "project_info": {
    "project_number": "369326613350",
    "firebase_url": "https://absensi-bafd5-default-rtdb.firebaseio.com",
    "project_id": "absensi-bafd5",
    "storage_bucket": "absensi-bafd5.firebasestorage.app"
  },
  "client": [
    {
      "client_info": {
        "mobilesdk_app_id": "1:369326613350:android:e4d5b021523f25e7d6dea7",
        "android_client_info": {
          "package_name": "com.example.app_absensi"
        }
      },
      "oauth_client": [],
      "api_key": [
        {
          "current_key": "AIzaSyCJ2uuBhuVb6uTspttsqZv7Wckc9F9vPmo"
        }
      ],
      "services": {
        "appinvite_service": {
          "other_platform_oauth_client": []
        }
      }
    }
  ],
  "configuration_version": "1"
}